{
  "total": 10,
  "success": 10,
  "success_rate": 100.0,
  "scores": [
    1.0,
    1.0,
    1.0,
    1.0,
    1.0,
    1.0,
    1.0,
    1.0,
    1.0,
    1.0
  ],
  "attempts": [
    3,
    3,
    3,
    3,
    3,
    2,
    2,
    2,
    2,
    3
  ],
  "times": [
    5.788623094558716,
    3.3219940662384033,
    5.032470464706421,
    3.7620251178741455,
    3.6074674129486084,
    2.2532176971435547,
    2.209228038787842,
    2.239095687866211,
    2.3173882961273193,
    4.037814617156982
  ]
}